Sensor,k,alpha
1,4046.571742115877,-0.20929802003972975
2,4671.170413945493,-0.16485536854958863
3,4129.341745529683,-0.27178833192919205
4,6349.48192220335,-0.37597173936255707
