Sensor,k,alpha
1,5508.718268480236,-0.31726351882893283
2,5306.039002524696,-0.2157777257693161
3,5093.575366200668,-0.3116140443350692
4,11533.388817441233,-0.6254208458324052
