Sensor,k,alpha
7,4318.03613,-0.236583816
8,5505.523732,-0.228709573
28,4324.642011,-0.278319772
29,5298.733332,-0.289135275
