Sensor,k,alpha
1,4203.657239346741,-0.24557914505804634
2,5331.1848736311695,-0.23992996141995648
3,4337.525049268031,-0.29696062034226434
4,5291.128868895472,-0.3006717335186064
