Sensor,k,alpha
1,4635.648855402581,-0.277861620481974
2,4895.409111374807,-0.18780799702582918
3,5368.723417796799,-0.3821453377399136
4,14345.308827905421,-0.7519397225720994
