Sensor,k,alpha
1,5817.139723675686,-0.3626275743304952
2,5301.8620044312265,-0.33349026974610785
3,5068.633673826138,-0.31769856338430646
4,4749.2379589834745,-0.284874740306617
5,4485.226652762386,-0.25807404001062617
