Sensor,k,alpha,Mean Fluctuation
1,3958.936735757083,-0.22304731042682896,39.217012889211574
