Sensor,k,alpha,Mean Fluctuation
1,4110.162739081355,-0.23433409007697084,39.91018405278211
