Sensor,k,alpha
1,4200.325301916895,-0.20215439439926797
2,4994.172179825435,-0.17831730420050998
3,4859.110124875186,-0.3114595381865638
4,7685.702098897649,-0.455832639817325
