Sensor,k,alpha
1,5023.857486,-0.32025232
2,17121.32228,-0.764050436
3,90108.18515,-1.262564216
4,6972.915392,-0.544367316
5,13446.92188,-0.782574049
6,8171.231704,-0.45991221
7,11419.21664,-0.621096743
8,5209.284021,-0.143771066
9,2574.003124,-0.002914991
10,9583.159024,-0.499045508
